vin,Time,Lon,Lat,Speed,Mileage,SOC
LVCB4L4D3HM002839,5/20/2020 5:47,116.35918,39.839789,0,78988.5,99
LVCB4L4D3HM002839,5/20/2020 5:47,116.35918,39.839789,0,78988.5,99
LVCB4L4D3HM002839,5/20/2020 5:47,116.35918,39.839789,0,78988.5,99
LVCB4L4D3HM002839,5/20/2020 5:48,116.35918,39.839789,0,78988.5,99
LVCB4L4D3HM002839,5/20/2020 5:48,116.35918,39.839789,0,78988.5,99
LVCB4L4D3HM002839,5/20/2020 5:48,116.35918,39.839789,0,78988.5,99
LVCB4L4D3HM002839,5/20/2020 5:48,116.35918,39.839789,0,78988.5,99
LVCB4L4D3HM002839,5/20/2020 5:49,116.35918,39.839789,15.7,78988.5,99
LVCB4L4D3HM002839,5/20/2020 5:49,116.35918,39.839789,4.1,78988.5,99
LVCB4L4D3HM002839,5/20/2020 5:49,116.35918,39.839789,26.8,78988.6,99
LVCB4L4D3HM002839,5/20/2020 5:49,116.35918,39.839789,29.2,78988.7,99
LVCB4L4D3HM002839,5/20/2020 5:50,116.35918,39.839789,38.1,78988.8,98
LVCB4L4D3HM002839,5/20/2020 5:51,116.35918,39.839789,21.2,78989.5,98
LVCB4L4D3HM002839,5/20/2020 5:51,116.364588,39.844513,0,78989.5,98
LVCB4L4D3HM002839,5/20/2020 5:52,116.364588,39.844513,0,78989.5,98
LVCB4L4D3HM002839,5/20/2020 5:52,116.364588,39.844513,0,78989.5,98
LVCB4L4D3HM002839,5/20/2020 5:52,116.364995,39.844683,18.5,78989.6,98
LVCB4L4D3HM002839,5/20/2020 5:52,116.365108,39.845693,34.3,78989.7,98
LVCB4L4D3HM002839,5/20/2020 5:53,116.365076,39.846313,34.4,78989.8,98
LVCB4L4D3HM002839,5/20/2020 5:53,116.365175,39.847956,56.4,78990,97
LVCB4L4D3HM002839,5/20/2020 5:53,116.365321,39.849286,13.7,78990.1,97
LVCB4L4D3HM002839,5/20/2020 5:53,116.366086,39.849309,27,78990.2,97
LVCB4L4D3HM002839,5/20/2020 5:54,116.367902,39.849258,49.3,78990.3,97
LVCB4L4D3HM002839,5/20/2020 5:54,116.369921,39.849244,21.2,78990.5,97
LVCB4L4D3HM002839,5/20/2020 5:54,116.370292,39.849234,22.4,78990.6,97
LVCB4L4D3HM002839,5/20/2020 5:54,116.371977,39.849201,42.2,78990.7,96
LVCB4L4D3HM002839,5/20/2020 5:55,116.372781,39.849198,10.9,78990.8,97
LVCB4L4D3HM002839,5/20/2020 5:55,116.373829,39.849193,0,78991,96
LVCB4L4D3HM002839,5/20/2020 5:55,116.373974,39.849163,20.2,78991,96
LVCB4L4D3HM002839,5/20/2020 5:55,116.375461,39.848901,48.1,78991,96
LVCB4L4D3HM002839,5/20/2020 5:56,116.377576,39.848493,53.5,78991.2,96
LVCB4L4D3HM002839,5/20/2020 5:56,116.379717,39.848023,38.2,78991.5,96
LVCB4L4D3HM002839,5/20/2020 5:56,116.380281,39.847938,13.6,78991.5,96
LVCB4L4D3HM002839,5/20/2020 5:56,116.380759,39.848146,29.9,78991.5,96
LVCB4L4D3HM002839,5/20/2020 5:57,116.380876,39.849274,2.1,78991.7,96
LVCB4L4D3HM002839,5/20/2020 5:57,116.380944,39.850025,44.6,78991.8,96
LVCB4L4D3HM002839,5/20/2020 5:57,116.380859,39.850988,0,78992,96
LVCB4L4D3HM002839,5/20/2020 5:57,116.380796,39.850988,0,78992,96
LVCB4L4D3HM002839,5/20/2020 5:58,116.380712,39.851878,47,78992,95
LVCB4L4D3HM002839,5/20/2020 5:58,116.380669,39.853625,50.9,78992.2,95
LVCB4L4D3HM002839,5/20/2020 5:58,116.380714,39.855123,13.9,78992.5,95
LVCB4L4D3HM002839,5/20/2020 5:58,116.380726,39.855226,0,78992.5,95
LVCB4L4D3HM002839,5/20/2020 5:59,116.380726,39.855226,14,78992.5,95
LVCB4L4D3HM002839,5/20/2020 5:59,116.381349,39.855503,27.6,78992.5,95
LVCB4L4D3HM002839,5/20/2020 5:59,116.381662,39.855483,13.6,78992.5,95
LVCB4L4D3HM002839,5/20/2020 5:59,116.383309,39.855521,51.7,78992.6,94
LVCB4L4D3HM002839,5/20/2020 6:00,116.385714,39.85556,54,78992.8,94
LVCB4L4D3HM002839,5/20/2020 6:00,116.386913,39.855541,0,78993,94
LVCB4L4D3HM002839,5/20/2020 6:00,116.388004,39.855568,48.3,78993.1,94
LVCB4L4D3HM002839,5/20/2020 6:00,116.390439,39.855618,62.9,78993.3,94
LVCB4L4D3HM002839,5/20/2020 6:01,116.393358,39.855615,67.5,78993.6,94
LVCB4L4D3HM002839,5/20/2020 6:01,116.396553,39.85565,58.8,78993.8,93
LVCB4L4D3HM002839,5/20/2020 6:01,116.398683,39.855586,12.3,78994,94
LVCB4L4D3HM002839,5/20/2020 6:01,116.398961,39.855556,0,78994,94
LVCB4L4D3HM002839,5/20/2020 6:02,116.400061,39.85558,48.5,78994.1,93
LVCB4L4D3HM002839,5/20/2020 6:02,116.402628,39.85561,56.2,78994.5,93
LVCB4L4D3HM002839,5/20/2020 6:02,116.405211,39.855615,61.7,78994.6,92
LVCB4L4D3HM002839,5/20/2020 6:02,116.408026,39.855638,61.1,78995,92
LVCB4L4D3HM002839,5/20/2020 6:03,116.410358,39.85562,12.3,78995.1,92
LVCB4L4D3HM002839,5/20/2020 6:03,116.41045,39.855613,0,78995.1,92
LVCB4L4D3HM002839,5/20/2020 6:03,116.410565,39.855611,0,78995.1,92
LVCB4L4D3HM002839,5/20/2020 6:03,116.411085,39.855653,38.6,78995.1,92
LVCB4L4D3HM002839,5/20/2020 6:04,116.413195,39.855585,51.5,78995.3,92
LVCB4L4D3HM002839,5/20/2020 6:04,116.415043,39.855678,15.9,78995.5,92
LVCB4L4D3HM002839,5/20/2020 6:04,116.415188,39.855701,0,78995.5,92
LVCB4L4D3HM002839,5/20/2020 6:04,116.415188,39.855701,0,78995.5,92
LVCB4L4D3HM002839,5/20/2020 6:05,116.415188,39.855701,0,78995.5,92
LVCB4L4D3HM002839,5/20/2020 6:05,116.415188,39.855701,0,78995.5,92
LVCB4L4D3HM002839,5/20/2020 6:05,116.415188,39.855701,0,78995.5,92
LVCB4L4D3HM002839,5/20/2020 6:05,116.415925,39.855856,38.8,78995.6,92
LVCB4L4D3HM002839,5/20/2020 6:06,116.417464,39.85621,32,78995.7,92
LVCB4L4D3HM002839,5/20/2020 6:06,116.419486,39.856585,51.3,78996,91
LVCB4L4D3HM002839,5/20/2020 6:06,116.420952,39.856716,1.1,78996,92
LVCB4L4D3HM002839,5/20/2020 6:06,116.422347,39.856815,49.1,78996.2,91
LVCB4L4D3HM002839,5/20/2020 6:07,116.424694,39.856998,38.7,78996.5,91
LVCB4L4D3HM002839,5/20/2020 6:07,116.425379,39.857028,0,78996.5,91
LVCB4L4D3HM002839,5/20/2020 6:07,116.425562,39.85704,18.8,78996.5,91
LVCB4L4D3HM002839,5/20/2020 6:07,116.426044,39.857168,5.4,78996.5,91
LVCB4L4D3HM002839,5/20/2020 6:08,116.427019,39.857088,0,78996.5,91
LVCB4L4D3HM002839,5/20/2020 6:08,116.427019,39.857088,0,78996.5,91
LVCB4L4D3HM002839,5/20/2020 6:08,116.427459,39.857261,26.1,78996.6,91
LVCB4L4D3HM002839,5/20/2020 6:08,116.426739,39.85788,0.1,78996.6,91
LVCB4L4D3HM002839,5/20/2020 6:09,116.426476,39.858928,48.7,78996.7,90
LVCB4L4D3HM002839,5/20/2020 6:09,116.425772,39.86038,44.6,78997,90
LVCB4L4D3HM002839,5/20/2020 6:09,116.424682,39.861856,41.4,78997.1,90
LVCB4L4D3HM002839,5/20/2020 6:09,116.424469,39.863545,51.2,78997.3,90
LVCB4L4D3HM002839,5/20/2020 6:10,116.425254,39.864461,40.7,78997.5,90
LVCB4L4D3HM002839,5/20/2020 6:10,116.426864,39.864488,0,78997.6,90
LVCB4L4D3HM002839,5/20/2020 6:10,116.427884,39.864525,44.6,78997.7,90
LVCB4L4D3HM002839,5/20/2020 6:10,116.430159,39.864555,49.2,78998,90
LVCB4L4D3HM002839,5/20/2020 6:11,116.431984,39.864568,24.7,78998,90
LVCB4L4D3HM002839,5/20/2020 6:11,116.432241,39.864571,0,78998.1,90
LVCB4L4D3HM002839,5/20/2020 6:11,116.432241,39.864571,0,78998.1,90
LVCB4L4D3HM002839,5/20/2020 6:11,116.432241,39.864571,0,78998.1,90
LVCB4L4D3HM002839,5/20/2020 6:12,116.432241,39.864571,0,78998.1,90
LVCB4L4D3HM002839,5/20/2020 6:12,116.432241,39.864571,0,78998.1,90
LVCB4L4D3HM002839,5/20/2020 6:12,116.432241,39.864571,0,78998.1,90
LVCB4L4D3HM002839,5/20/2020 6:12,116.432686,39.864638,17.2,78998.1,90
LVCB4L4D3HM002839,5/20/2020 6:13,116.432836,39.865796,28.1,78998.2,90
LVCB4L4D3HM002839,5/20/2020 6:13,116.432861,39.866391,30.5,78998.3,89
LVCB4L4D3HM002839,5/20/2020 6:13,116.433001,39.867474,37,78998.5,89
LVCB4L4D3HM002839,5/20/2020 6:13,116.433247,39.868707,29.6,78998.6,89
LVCB4L4D3HM002839,5/20/2020 6:14,116.434911,39.868991,43.3,78998.7,89
LVCB4L4D3HM002839,5/20/2020 6:14,116.436588,39.869366,43.3,78999,89
LVCB4L4D3HM002839,5/20/2020 6:14,116.437893,39.870452,40.5,78999.1,89
LVCB4L4D3HM002839,5/20/2020 6:14,116.438309,39.871907,36.4,78999.3,89
LVCB4L4D3HM002839,5/20/2020 6:15,116.438678,39.873357,36.8,78999.5,88
LVCB4L4D3HM002839,5/20/2020 6:15,116.438836,39.873806,21.5,78999.5,88
LVCB4L4D3HM002839,5/20/2020 6:15,116.439316,39.874877,20,78999.6,88
LVCB4L4D3HM002839,5/20/2020 6:15,116.441006,39.874904,42.6,78999.8,88
LVCB4L4D3HM002839,5/20/2020 6:16,116.442586,39.874916,11,79000,88
LVCB4L4D3HM002839,5/20/2020 6:16,116.443484,39.874917,44,79000,88
LVCB4L4D3HM002839,5/20/2020 6:16,116.444668,39.874791,6.6,79000.1,88
LVCB4L4D3HM002839,5/20/2020 6:16,116.444716,39.873967,33.7,79000.2,88
LVCB4L4D3HM002839,5/20/2020 6:17,116.444733,39.873669,3,79000.2,88
LVCB4L4D3HM002839,5/20/2020 6:17,116.444723,39.872651,35.8,79000.3,88
LVCB4L4D3HM002839,5/20/2020 6:17,116.444731,39.871432,33.8,79000.5,88
LVCB4L4D3HM002839,5/20/2020 6:17,116.444694,39.870382,1.7,79000.6,88
LVCB4L4D3HM002839,5/20/2020 6:18,116.444678,39.870336,3.9,79000.6,88
LVCB4L4D3HM002839,5/20/2020 6:18,116.444678,39.870336,0,79000.6,88
LVCB4L4D3HM002839,5/20/2020 6:18,116.444678,39.870336,0,79000.6,88
LVCB4L4D3HM002839,5/20/2020 6:18,116.445018,39.870084,25.9,79000.7,88
LVCB4L4D3HM002839,5/20/2020 6:19,116.446634,39.870069,26.7,79000.8,88
LVCB4L4D3HM002839,5/20/2020 6:19,116.447086,39.870062,29.2,79001,87
LVCB4L4D3HM002839,5/20/2020 6:19,116.448653,39.870082,39.7,79001,87
LVCB4L4D3HM002839,5/20/2020 6:19,116.449596,39.870081,0,79001.1,87
LVCB4L4D3HM002839,5/20/2020 6:20,116.449601,39.870081,0,79001.1,87
LVCB4L4D3HM002839,5/20/2020 6:20,116.449873,39.870081,31.8,79001.1,87
LVCB4L4D3HM002839,5/20/2020 6:20,116.451373,39.870074,6.8,79001.2,87
LVCB4L4D3HM002839,5/20/2020 6:20,116.452705,39.870069,50.1,79001.5,86
LVCB4L4D3HM002839,5/20/2020 6:21,116.454355,39.870019,1.3,79001.5,87
LVCB4L4D3HM002839,5/20/2020 6:21,116.454368,39.870029,0,79001.5,87
LVCB4L4D3HM002839,5/20/2020 6:21,116.454368,39.870029,0,79001.5,87
LVCB4L4D3HM002839,5/20/2020 6:21,116.454368,39.870029,0,79001.5,87
LVCB4L4D3HM002839,5/20/2020 6:22,116.454368,39.870029,0,79001.5,87
LVCB4L4D3HM002839,5/20/2020 6:22,116.454368,39.870029,0,79001.5,87
LVCB4L4D3HM002839,5/20/2020 6:22,116.454533,39.870034,26.6,79001.5,87
LVCB4L4D3HM002839,5/20/2020 6:22,116.456345,39.869956,32.6,79001.7,86
LVCB4L4D3HM002839,5/20/2020 6:23,116.457871,39.869972,48.7,79001.8,86
LVCB4L4D3HM002839,5/20/2020 6:23,116.460138,39.869972,41.9,79002,86
LVCB4L4D3HM002839,5/20/2020 6:23,116.461608,39.869916,10.5,79002.2,86
LVCB4L4D3HM002839,5/20/2020 6:23,116.461588,39.869041,38.3,79002.3,86
LVCB4L4D3HM002839,5/20/2020 6:25,116.466275,39.86659,30.9,79003,86
LVCB4L4D3HM002839,5/20/2020 6:25,116.467454,39.866598,40.1,79003.1,86
LVCB4L4D3HM002839,5/20/2020 6:25,116.469481,39.866578,45.6,79003.3,85
LVCB4L4D3HM002839,5/20/2020 6:26,116.470809,39.866563,6.6,79003.5,86
LVCB4L4D3HM002839,5/20/2020 6:26,116.470864,39.866573,0,79003.5,86
LVCB4L4D3HM002839,5/20/2020 6:26,116.470864,39.866573,1.9,79003.5,86
LVCB4L4D3HM002839,5/20/2020 6:26,116.471246,39.866809,26.3,79003.5,85
LVCB4L4D3HM002839,5/20/2020 6:27,116.471266,39.867667,20.7,79003.5,85
LVCB4L4D3HM002839,5/20/2020 6:27,116.471276,39.868752,40.4,79003.7,85
LVCB4L4D3HM002839,5/20/2020 6:27,116.471297,39.869889,10.9,79003.8,85
LVCB4L4D3HM002839,5/20/2020 6:27,116.472541,39.869907,31,79004,85
LVCB4L4D3HM002839,5/20/2020 6:28,116.473332,39.869884,0,79004,85
LVCB4L4D3HM002839,5/20/2020 6:28,116.473581,39.869866,26.6,79004,85
LVCB4L4D3HM002839,5/20/2020 6:28,116.474979,39.869861,21.9,79004.1,85
LVCB4L4D3HM002839,5/20/2020 6:28,116.475309,39.869841,0,79004.2,85
LVCB4L4D3HM002839,5/20/2020 6:29,116.475309,39.869841,0,79004.2,85
LVCB4L4D3HM002839,5/20/2020 6:29,116.475309,39.869841,0,79004.2,85
LVCB4L4D3HM002839,5/20/2020 6:29,116.475309,39.869841,0,79004.2,85
LVCB4L4D3HM002839,5/20/2020 6:29,116.475309,39.869841,0,79004.2,85
LVCB4L4D3HM002839,5/20/2020 6:30,116.475309,39.869841,0,79004.2,85
LVCB4L4D3HM002839,5/20/2020 6:30,116.475309,39.869841,0,79004.2,85
LVCB4L4D3HM002839,5/20/2020 6:30,116.475309,39.869841,0,79004.2,85
LVCB4L4D3HM002839,5/20/2020 6:30,116.475309,39.869841,13.1,79004.2,85
LVCB4L4D3HM002839,5/20/2020 6:31,116.475566,39.869842,0,79004.2,85
LVCB4L4D3HM002839,5/20/2020 6:31,116.475566,39.869842,0,79004.2,85
LVCB4L4D3HM002839,5/20/2020 6:31,116.475566,39.869842,0,79004.2,85
LVCB4L4D3HM002839,5/20/2020 6:31,116.475566,39.869842,0,79004.2,85
LVCB4L4D3HM002839,5/20/2020 6:32,116.475566,39.869842,0,79004.2,85
LVCB4L4D3HM002839,5/20/2020 6:32,116.475566,39.869842,0,79004.2,85
LVCB4L4D3HM002839,5/20/2020 6:32,116.475566,39.869842,0,79004.2,85
LVCB4L4D3HM002839,5/20/2020 6:32,116.475566,39.869842,0,79004.2,85
LVCB4L4D3HM002839,5/20/2020 6:33,116.475566,39.869842,0,79004.2,85
LVCB4L4D3HM002839,5/20/2020 6:33,116.475566,39.869842,0,79004.2,85
LVCB4L4D3HM002839,5/20/2020 6:33,116.475566,39.869842,0,79004.2,85
LVCB4L4D3HM002839,5/20/2020 6:33,116.475566,39.869842,0,79004.2,85
LVCB4L4D3HM002839,5/20/2020 6:34,116.475566,39.869842,0,79004.2,85
LVCB4L4D3HM002839,5/20/2020 6:34,116.475566,39.869842,0,79004.2,85
LVCB4L4D3HM002839,5/20/2020 6:34,116.475566,39.869842,0,79004.2,85
LVCB4L4D3HM002839,5/20/2020 6:34,116.475566,39.869842,0,79004.2,85
LVCB4L4D3HM002839,5/20/2020 6:35,116.475566,39.869842,0,79004.2,85
LVCB4L4D3HM002839,5/20/2020 6:35,116.475566,39.869842,0,79004.2,85
LVCB4L4D3HM002839,5/20/2020 6:35,116.475566,39.869842,0,79004.2,85
LVCB4L4D3HM002839,5/20/2020 6:35,116.475566,39.869842,0,79004.2,85
LVCB4L4D3HM002839,5/20/2020 6:36,116.475566,39.869842,0,79004.2,85
LVCB4L4D3HM002839,5/20/2020 6:36,116.475566,39.869842,0,79004.2,85
LVCB4L4D3HM002839,5/20/2020 6:36,116.475566,39.869842,0,79004.2,85
LVCB4L4D3HM002839,5/20/2020 6:36,116.475566,39.869842,0,79004.2,85
LVCB4L4D3HM002839,5/20/2020 6:37,116.475566,39.869842,0,79004.2,85
LVCB4L4D3HM002839,5/20/2020 6:37,116.475566,39.869842,0,79004.2,85
LVCB4L4D3HM002839,5/20/2020 6:37,116.475566,39.869842,0,79004.2,85
LVCB4L4D3HM002839,5/20/2020 6:37,116.475566,39.869842,0,79004.2,85
LVCB4L4D3HM002839,5/20/2020 6:38,116.475566,39.869842,0,79004.2,85
LVCB4L4D3HM002839,5/20/2020 6:38,116.475566,39.869842,0,79004.2,85
LVCB4L4D3HM002839,5/20/2020 6:38,116.475566,39.869842,0,79004.2,85
LVCB4L4D3HM002839,5/20/2020 6:38,116.475566,39.869842,0,79004.2,85
LVCB4L4D3HM002839,5/20/2020 6:39,116.475566,39.869842,0,79004.2,85
LVCB4L4D3HM002839,5/20/2020 6:39,116.475566,39.869842,0,79004.2,85
LVCB4L4D3HM002839,5/20/2020 6:39,116.475566,39.869842,0,79004.2,85
LVCB4L4D3HM002839,5/20/2020 6:39,116.475566,39.869842,0,79004.2,85
LVCB4L4D3HM002839,5/20/2020 6:40,116.475566,39.869842,0,79004.2,85
LVCB4L4D3HM002839,5/20/2020 6:40,116.475736,39.869792,9,79004.2,85
LVCB4L4D3HM002839,5/20/2020 6:40,116.475802,39.868934,34.3,79004.3,84
LVCB4L4D3HM002839,5/20/2020 6:40,116.475802,39.867861,12.8,79004.5,84
LVCB4L4D3HM002839,5/20/2020 6:41,116.475807,39.867654,21.8,79004.5,84
LVCB4L4D3HM002839,5/20/2020 6:41,116.475806,39.866754,22.1,79004.5,84
LVCB4L4D3HM002839,5/20/2020 6:41,116.475496,39.866505,26.8,79004.6,84
LVCB4L4D3HM002839,5/20/2020 6:41,116.474127,39.866496,33.3,79004.7,84
LVCB4L4D3HM002839,5/20/2020 6:42,116.472442,39.866516,39.1,79005,84
LVCB4L4D3HM002839,5/20/2020 6:42,116.471482,39.866546,0,79005,84
LVCB4L4D3HM002839,5/20/2020 6:42,116.471466,39.86655,0,79005,84
LVCB4L4D3HM002839,5/20/2020 6:42,116.471466,39.86655,0,79005,84
LVCB4L4D3HM002839,5/20/2020 6:43,116.470854,39.866553,41.5,79005,84
LVCB4L4D3HM002839,5/20/2020 6:43,116.469932,39.866571,0,79005.1,84
LVCB4L4D3HM002839,5/20/2020 6:43,116.469371,39.866558,36.1,79005.1,84
LVCB4L4D3HM002839,5/20/2020 6:43,116.467792,39.866566,36.2,79005.3,84
LVCB4L4D3HM002839,5/20/2020 6:44,116.466071,39.866623,31.4,79005.5,84
LVCB4L4D3HM002839,5/20/2020 6:44,116.465601,39.866635,2.3,79005.5,84
LVCB4L4D3HM002839,5/20/2020 6:44,116.464536,39.866615,40.8,79005.6,83
LVCB4L4D3HM002839,5/20/2020 6:44,116.462813,39.866653,28.4,79005.7,83
LVCB4L4D3HM002839,5/20/2020 6:45,116.462235,39.866645,24.2,79005.8,83
LVCB4L4D3HM002839,5/20/2020 6:45,116.461781,39.866656,14.1,79005.8,83
LVCB4L4D3HM002839,5/20/2020 6:45,116.461645,39.867337,33.2,79006,83
LVCB4L4D3HM002839,5/20/2020 6:45,116.461628,39.868391,30.9,79006,83
LVCB4L4D3HM002839,5/20/2020 6:46,116.461711,39.868742,6.2,79006.1,83
LVCB4L4D3HM002839,5/20/2020 6:46,116.461618,39.868984,0,79006.1,83
LVCB4L4D3HM002839,5/20/2020 6:46,116.46158,39.869656,24.6,79006.2,83
LVCB4L4D3HM002839,5/20/2020 6:46,116.460713,39.870074,43.4,79006.3,82
LVCB4L4D3HM002839,5/20/2020 6:47,116.458393,39.870089,44.5,79006.5,82
LVCB4L4D3HM002839,5/20/2020 6:47,116.457456,39.870104,25.3,79006.6,82
LVCB4L4D3HM002839,5/20/2020 6:47,116.455671,39.870119,27.5,79006.8,82
LVCB4L4D3HM002839,5/20/2020 6:47,116.455286,39.870121,0,79006.8,82
LVCB4L4D3HM002839,5/20/2020 6:48,116.455286,39.870121,0,79006.8,82
LVCB4L4D3HM002839,5/20/2020 6:48,116.455286,39.870121,0,79006.8,82
LVCB4L4D3HM002839,5/20/2020 6:48,116.455286,39.870121,0,79006.8,82
LVCB4L4D3HM002839,5/20/2020 6:48,116.455286,39.870121,0,79006.8,82
LVCB4L4D3HM002839,5/20/2020 6:49,116.455286,39.870121,0,79006.8,82
LVCB4L4D3HM002839,5/20/2020 6:49,116.455286,39.870121,0,79006.8,82
LVCB4L4D3HM002839,5/20/2020 6:49,116.455286,39.870121,0,79006.8,82
LVCB4L4D3HM002839,5/20/2020 6:49,116.455286,39.870121,0,79006.8,82
LVCB4L4D3HM002839,5/20/2020 6:50,116.455286,39.870121,0,79006.8,82
LVCB4L4D3HM002839,5/20/2020 6:50,116.45493,39.870114,36.1,79006.8,82
LVCB4L4D3HM002839,5/20/2020 6:50,116.452976,39.870097,46.6,79007,82
LVCB4L4D3HM002839,5/20/2020 6:50,116.451751,39.870092,26.9,79007.1,82
LVCB4L4D3HM002839,5/20/2020 6:51,116.450283,39.870106,26.9,79007.2,82
LVCB4L4D3HM002839,5/20/2020 6:51,116.448804,39.870144,45.7,79007.5,81
LVCB4L4D3HM002839,5/20/2020 6:51,116.446889,39.870167,20,79007.6,82
LVCB4L4D3HM002839,5/20/2020 6:51,116.446646,39.870152,13.7,79007.6,82
LVCB4L4D3HM002839,5/20/2020 6:52,116.445511,39.870142,37.1,79007.7,81
LVCB4L4D3HM002839,5/20/2020 6:52,116.444699,39.870259,11.2,79007.8,81
LVCB4L4D3HM002839,5/20/2020 6:52,116.444601,39.871297,34.5,79008,81
LVCB4L4D3HM002839,5/20/2020 6:52,116.444653,39.872137,14.8,79008,81
LVCB4L4D3HM002839,5/20/2020 6:53,116.444681,39.872742,33.9,79008.1,81
LVCB4L4D3HM002839,5/20/2020 6:53,116.444773,39.873901,14.2,79008.2,81
LVCB4L4D3HM002839,5/20/2020 6:53,116.444763,39.874069,0,79008.2,81
LVCB4L4D3HM002839,5/20/2020 6:53,116.444759,39.874089,0,79008.2,81
LVCB4L4D3HM002839,5/20/2020 6:54,116.444759,39.874089,0.9,79008.2,81
LVCB4L4D3HM002839,5/20/2020 6:54,116.444661,39.874739,16,79008.3,81
LVCB4L4D3HM002839,5/20/2020 6:54,116.443626,39.874882,39.8,79008.5,80
LVCB4L4D3HM002839,5/20/2020 6:54,116.442116,39.874867,34.3,79008.5,80
LVCB4L4D3HM002839,5/20/2020 6:55,116.441519,39.874902,7.1,79008.6,81
LVCB4L4D3HM002839,5/20/2020 6:55,116.440594,39.874907,11.9,79008.7,80
LVCB4L4D3HM002839,5/20/2020 6:55,116.439791,39.874939,27.8,79008.7,80
LVCB4L4D3HM002839,5/20/2020 6:55,116.439498,39.875362,38.8,79008.8,80
LVCB4L4D3HM002839,5/20/2020 6:56,116.440228,39.877037,40.6,79009,80
LVCB4L4D3HM002839,5/20/2020 6:56,116.440244,39.878241,21.7,79009.2,80
LVCB4L4D3HM002839,5/20/2020 6:56,116.440186,39.878751,0,79009.2,80
LVCB4L4D3HM002839,5/20/2020 6:56,116.440158,39.878856,1.8,79009.2,80
LVCB4L4D3HM002839,5/20/2020 6:57,116.440076,39.879079,11.9,79009.3,80
LVCB4L4D3HM002839,5/20/2020 6:57,116.440008,39.879457,5.1,79009.3,80
LVCB4L4D3HM002839,5/20/2020 6:57,116.439983,39.879496,3.2,79009.3,80
LVCB4L4D3HM002839,5/20/2020 6:57,116.439983,39.879496,1.4,79009.3,80
LVCB4L4D3HM002839,5/20/2020 6:58,116.439983,39.879496,7.6,79009.3,80
LVCB4L4D3HM002839,5/20/2020 6:58,116.439739,39.879874,17.1,79009.5,80
LVCB4L4D3HM002839,5/20/2020 6:58,116.439613,39.880511,29.1,79009.5,80
LVCB4L4D3HM002839,5/20/2020 6:58,116.439436,39.881652,31.6,79009.6,79
LVCB4L4D3HM002839,5/20/2020 6:59,116.439311,39.882876,28.7,79009.7,79
LVCB4L4D3HM002839,5/20/2020 6:59,116.439246,39.883509,15.3,79009.8,80
LVCB4L4D3HM002839,5/20/2020 6:59,116.439183,39.883781,8,79009.8,79
LVCB4L4D3HM002839,5/20/2020 6:59,116.439138,39.884041,13.1,79010,79
LVCB4L4D3HM002839,5/20/2020 7:00,116.439109,39.884273,0.9,79010,79
LVCB4L4D3HM002839,5/20/2020 7:00,116.439111,39.884291,4.2,79010,79
LVCB4L4D3HM002839,5/20/2020 7:00,116.439116,39.884589,19.8,79010,79
LVCB4L4D3HM002839,5/20/2020 7:00,116.439633,39.884228,34.1,79010,79
LVCB4L4D3HM002839,5/20/2020 7:01,116.439626,39.883326,9.7,79010.1,79
LVCB4L4D3HM002839,5/20/2020 7:01,116.438278,39.883272,23.2,79010.2,78
LVCB4L4D3HM002839,5/20/2020 7:01,116.437991,39.884389,25.8,79010.5,78
LVCB4L4D3HM002839,5/20/2020 7:01,116.438821,39.884444,25.5,79010.5,78
LVCB4L4D3HM002839,5/20/2020 7:02,116.438953,39.882999,15.7,79010.6,78
LVCB4L4D3HM002839,5/20/2020 7:02,116.438974,39.882937,5.2,79010.6,78
LVCB4L4D3HM002839,5/20/2020 7:02,116.439168,39.882109,40.2,79010.7,78
LVCB4L4D3HM002839,5/20/2020 7:02,116.439446,39.880414,60.4,79011,78
LVCB4L4D3HM002839,5/20/2020 7:03,116.439876,39.878286,56.2,79011.2,77
LVCB4L4D3HM002839,5/20/2020 7:03,116.439664,39.876397,52.7,79011.5,77
LVCB4L4D3HM002839,5/20/2020 7:03,116.438749,39.874611,41.4,79011.6,77
LVCB4L4D3HM002839,5/20/2020 7:03,116.438533,39.874122,0,79011.7,78
LVCB4L4D3HM002839,5/20/2020 7:04,116.438283,39.873256,49.8,79011.8,77
LVCB4L4D3HM002839,5/20/2020 7:04,116.437846,39.871332,47.9,79012,77
LVCB4L4D3HM002839,5/20/2020 7:04,116.436976,39.869886,51.5,79012.2,77
LVCB4L4D3HM002839,5/20/2020 7:04,116.434801,39.869364,50.3,79012.5,76
LVCB4L4D3HM002839,5/20/2020 7:05,116.433424,39.869687,24,79012.6,77
LVCB4L4D3HM002839,5/20/2020 7:05,116.432776,39.869342,29.5,79012.7,76
LVCB4L4D3HM002839,5/20/2020 7:05,116.432979,39.868657,25.4,79012.7,76
LVCB4L4D3HM002839,5/20/2020 7:05,116.432877,39.867516,27,79013,76
LVCB4L4D3HM002839,5/20/2020 7:06,116.432324,39.867176,10.9,79013,76
LVCB4L4D3HM002839,5/20/2020 7:06,116.432241,39.867199,11.9,79013,76
LVCB4L4D3HM002839,5/20/2020 7:06,116.431217,39.867197,31.7,79013.1,76
LVCB4L4D3HM002839,5/20/2020 7:06,116.429844,39.867151,33.1,79013.2,76
LVCB4L4D3HM002839,5/20/2020 7:07,116.428427,39.867136,29.9,79013.3,76
LVCB4L4D3HM002839,5/20/2020 7:07,116.427396,39.867124,31.2,79013.5,76
LVCB4L4D3HM002839,5/20/2020 7:07,116.426019,39.867124,32.4,79013.5,76
LVCB4L4D3HM002839,5/20/2020 7:07,116.424586,39.867109,27.7,79013.7,76
LVCB4L4D3HM002839,5/20/2020 7:08,116.424249,39.866598,41.3,79013.8,76
LVCB4L4D3HM002839,5/20/2020 7:08,116.424246,39.865583,0,79014,76
LVCB4L4D3HM002839,5/20/2020 7:08,116.424272,39.86541,22.5,79014,76
LVCB4L4D3HM002839,5/20/2020 7:08,116.424079,39.864578,25.9,79014,76
LVCB4L4D3HM002839,5/20/2020 7:09,116.424382,39.863643,41.2,79014.1,75
LVCB4L4D3HM002839,5/20/2020 7:09,116.424449,39.862258,30.7,79014.3,75
LVCB4L4D3HM002839,5/20/2020 7:09,116.425011,39.861066,41.9,79014.5,75
LVCB4L4D3HM002839,5/20/2020 7:09,116.425649,39.859921,31.8,79014.6,75
LVCB4L4D3HM002839,5/20/2020 7:10,116.425714,39.859315,32.2,79014.6,75
LVCB4L4D3HM002839,5/20/2020 7:10,116.425814,39.858335,25.3,79014.7,75
LVCB4L4D3HM002839,5/20/2020 7:10,116.425827,39.857713,14.2,79014.8,75
LVCB4L4D3HM002839,5/20/2020 7:10,116.425377,39.857428,32.9,79015,75
LVCB4L4D3HM002839,5/20/2020 7:11,116.423499,39.85728,32.4,79015.1,74
LVCB4L4D3HM002839,5/20/2020 7:11,116.421642,39.857208,38.6,79015.2,74
LVCB4L4D3HM002839,5/20/2020 7:11,116.420782,39.857138,23.6,79015.3,74
LVCB4L4D3HM002839,5/20/2020 7:11,116.419126,39.85698,51.1,79015.5,74
LVCB4L4D3HM002839,5/20/2020 7:12,116.417197,39.856641,34.8,79015.6,74
LVCB4L4D3HM002839,5/20/2020 7:12,116.416613,39.856556,0,79015.7,74
LVCB4L4D3HM002839,5/20/2020 7:12,116.416606,39.85656,0,79015.7,74
LVCB4L4D3HM002839,5/20/2020 7:12,116.416606,39.85656,0,79015.7,74
LVCB4L4D3HM002839,5/20/2020 7:13,116.416606,39.85656,0,79015.7,74
LVCB4L4D3HM002839,5/20/2020 7:13,116.416606,39.85656,0,79015.7,74
LVCB4L4D3HM002839,5/20/2020 7:13,116.416606,39.85656,0,79015.7,74
LVCB4L4D3HM002839,5/20/2020 7:13,116.416606,39.85656,0,79015.7,74
LVCB4L4D3HM002839,5/20/2020 7:14,116.416606,39.85656,0,79015.7,74
LVCB4L4D3HM002839,5/20/2020 7:14,116.416421,39.856548,14.6,79015.7,74
LVCB4L4D3HM002839,5/20/2020 7:14,116.41545,39.856343,30.2,79015.8,74
LVCB4L4D3HM002839,5/20/2020 7:14,116.413885,39.85608,42.7,79016,74
LVCB4L4D3HM002839,5/20/2020 7:15,116.411991,39.855956,40.2,79016.1,74
LVCB4L4D3HM002839,5/20/2020 7:15,116.41102,39.855971,1.4,79016.2,74
LVCB4L4D3HM002839,5/20/2020 7:15,116.41072,39.855968,0,79016.2,74
LVCB4L4D3HM002839,5/20/2020 7:15,116.410181,39.855946,32.8,79016.3,74
LVCB4L4D3HM002839,5/20/2020 7:16,116.408463,39.855938,18.6,79016.5,74
LVCB4L4D3HM002839,5/20/2020 7:16,116.408236,39.85593,0,79016.5,74
LVCB4L4D3HM002839,5/20/2020 7:16,116.408236,39.85593,0,79016.5,74
LVCB4L4D3HM002839,5/20/2020 7:16,116.408236,39.85593,0,79016.5,74
LVCB4L4D3HM002839,5/20/2020 7:17,116.408236,39.85593,0,79016.5,74
LVCB4L4D3HM002839,5/20/2020 7:17,116.408236,39.85593,0,79016.5,74
LVCB4L4D3HM002839,5/20/2020 7:17,116.408236,39.85593,0,79016.5,74
LVCB4L4D3HM002839,5/20/2020 7:17,116.408236,39.85593,0,79016.5,74
LVCB4L4D3HM002839,5/20/2020 7:18,116.408236,39.85593,0,79016.5,74
LVCB4L4D3HM002839,5/20/2020 7:18,116.408236,39.85593,5.9,79016.5,74
LVCB4L4D3HM002839,5/20/2020 7:18,116.407473,39.855915,34.8,79016.5,74
LVCB4L4D3HM002839,5/20/2020 7:18,116.405556,39.855836,40.2,79016.7,73
LVCB4L4D3HM002839,5/20/2020 7:19,116.403636,39.855765,24.6,79017,73
LVCB4L4D3HM002839,5/20/2020 7:19,116.402211,39.855756,42,79017,73
LVCB4L4D3HM002839,5/20/2020 7:19,116.400106,39.85575,47.6,79017.2,73
LVCB4L4D3HM002839,5/20/2020 7:19,116.398969,39.855775,0,79017.3,73
LVCB4L4D3HM002839,5/20/2020 7:20,116.398558,39.855765,37.2,79017.3,73
LVCB4L4D3HM002839,5/20/2020 7:20,116.396361,39.855763,54,79017.5,72
LVCB4L4D3HM002839,5/20/2020 7:20,116.393758,39.855791,56.3,79017.7,72
LVCB4L4D3HM002839,5/20/2020 7:22,116.383763,39.85582,35.1,79018.7,72
LVCB4L4D3HM002839,5/20/2020 7:22,116.382034,39.855851,26.3,79018.8,72
LVCB4L4D3HM002839,5/20/2020 7:22,116.381132,39.855886,1.2,79019,72
LVCB4L4D3HM002839,5/20/2020 7:22,116.381102,39.855886,0,79019,72
LVCB4L4D3HM002839,5/20/2020 7:23,116.380529,39.855776,19.4,79019,72
LVCB4L4D3HM002839,5/20/2020 7:23,116.380574,39.85454,40.1,79019.1,71
LVCB4L4D3HM002839,5/20/2020 7:24,116.380662,39.851606,14.6,79019.5,71
LVCB4L4D3HM002839,5/20/2020 7:24,116.380674,39.851503,2.9,79019.5,71
LVCB4L4D3HM002839,5/20/2020 7:25,116.380696,39.850781,33.7,79019.5,71
LVCB4L4D3HM002839,5/20/2020 7:25,116.380721,39.849568,13.7,79019.7,71
LVCB4L4D3HM002839,5/20/2020 7:25,116.380596,39.847939,7.8,79020,71
LVCB4L4D3HM002839,5/20/2020 7:26,116.380181,39.847899,30.9,79020,70
LVCB4L4D3HM002839,5/20/2020 7:26,116.378444,39.848256,43.3,79020.1,70
LVCB4L4D3HM002839,5/20/2020 7:26,116.375142,39.848968,25.1,79020.5,70
LVCB4L4D3HM002839,5/20/2020 7:26,116.374769,39.849049,0,79020.5,70
LVCB4L4D3HM002839,5/20/2020 7:27,116.373939,39.849161,23.8,79020.5,70
LVCB4L4D3HM002839,5/20/2020 7:27,116.372659,39.849176,31.7,79020.6,70
LVCB4L4D3HM002839,5/20/2020 7:27,116.372049,39.849198,0,79020.7,70
LVCB4L4D3HM002839,5/20/2020 7:28,116.371944,39.849211,17.3,79020.7,70
LVCB4L4D3HM002839,5/20/2020 7:28,116.370584,39.849223,0,79020.8,70
LVCB4L4D3HM002839,5/20/2020 7:28,116.370584,39.849223,0,79020.8,70
LVCB4L4D3HM002839,5/20/2020 7:29,116.370374,39.849241,20.9,79020.8,70
LVCB4L4D3HM002839,5/20/2020 7:29,116.367176,39.849293,37.6,79021.1,70
LVCB4L4D3HM002839,5/20/2020 7:29,116.366263,39.849331,0,79021.2,70
LVCB4L4D3HM002839,5/20/2020 7:30,116.365948,39.849286,2.1,79021.2,70
LVCB4L4D3HM002839,5/20/2020 7:30,116.365006,39.848389,46.6,79021.5,69
LVCB4L4D3HM002839,5/20/2020 7:32,116.362605,39.844556,4.9,79022,69
LVCB4L4D3HM002839,5/20/2020 7:32,116.362286,39.844583,14.5,79022,69
LVCB4L4D3HM002839,5/20/2020 7:32,116.35975,39.844536,28.1,79022.3,68
LVCB4L4D3HM002839,5/20/2020 7:33,116.359118,39.844531,0,79022.3,68
LVCB4L4D3HM002839,5/20/2020 7:33,116.359001,39.844526,9.7,79022.3,68
LVCB4L4D3HM002839,5/20/2020 7:33,116.35875,39.843693,0,79022.5,68
LVCB4L4D3HM002839,5/20/2020 7:34,116.358756,39.843133,37.5,79022.5,68
LVCB4L4D3HM002839,5/20/2020 7:34,116.358771,39.842169,29.7,79022.6,68
LVCB4L4D3HM002839,5/20/2020 7:34,116.3588,39.840926,38.6,79022.8,68
LVCB4L4D3HM002839,5/20/2020 7:35,116.358936,39.839848,3.2,79023,68
LVCB4L4D3HM002839,5/20/2020 7:35,116.359303,39.840151,15.2,79023,68
LVCB4L4D3HM002839,5/20/2020 7:35,116.35918,39.840233,4.5,79023,68
LVCB4L4D3HM002839,5/20/2020 7:35,116.35929,39.840156,2.1,79023,68
LVCB4L4D3HM002839,5/20/2020 7:36,116.35929,39.840156,0,79023,68
LVCB4L4D3HM002839,5/20/2020 7:36,116.35929,39.840156,0,79023,68
LVCB4L4D3HM002839,5/20/2020 7:37,116.35929,39.840156,NA,NA,68
LVCB4L4D3HM002839,5/20/2020 7:37,116.35929,39.840156,NA,NA,68
LVCB4L4D3HM002839,5/20/2020 7:37,116.35929,39.840156,NA,NA,69
LVCB4L4D3HM002839,5/20/2020 7:38,116.35929,39.840156,NA,NA,70
LVCB4L4D3HM002839,5/20/2020 7:38,116.35929,39.840156,NA,NA,70
LVCB4L4D3HM002839,5/20/2020 7:38,116.35929,39.840156,NA,NA,72
LVCB4L4D3HM002839,5/20/2020 7:39,116.35929,39.840156,NA,NA,73
LVCB4L4D3HM002839,5/20/2020 7:39,116.35929,39.840156,NA,NA,74
LVCB4L4D3HM002839,5/20/2020 7:39,116.35929,39.840156,NA,NA,74
LVCB4L4D3HM002839,5/20/2020 7:40,116.35929,39.840156,NA,NA,76
LVCB4L4D3HM002839,5/20/2020 7:40,116.35929,39.840156,NA,NA,77
LVCB4L4D3HM002839,5/20/2020 7:41,116.35929,39.840156,NA,NA,78
LVCB4L4D3HM002839,5/20/2020 7:41,116.35929,39.840156,NA,NA,79
LVCB4L4D3HM002839,5/20/2020 7:41,116.35929,39.840156,NA,NA,81
LVCB4L4D3HM002839,5/20/2020 7:42,116.35929,39.840156,NA,NA,82
LVCB4L4D3HM002839,5/20/2020 7:42,116.35929,39.840156,NA,NA,83
LVCB4L4D3HM002839,5/20/2020 7:42,116.35929,39.840156,NA,NA,84
LVCB4L4D3HM002839,5/20/2020 7:43,116.35929,39.840156,NA,NA,85
LVCB4L4D3HM002839,5/20/2020 7:43,116.35929,39.840156,NA,NA,86
LVCB4L4D3HM002839,5/20/2020 7:44,116.35929,39.840156,NA,NA,88
LVCB4L4D3HM002839,5/20/2020 7:44,116.35929,39.840156,NA,NA,90
LVCB4L4D3HM002839,5/20/2020 7:44,116.35929,39.840156,NA,NA,90
LVCB4L4D3HM002839,5/20/2020 7:45,116.35929,39.840156,NA,NA,92
LVCB4L4D3HM002839,5/20/2020 7:45,116.35929,39.840156,NA,NA,93
LVCB4L4D3HM002839,5/20/2020 7:45,116.35929,39.840156,NA,NA,94
LVCB4L4D3HM002839,5/20/2020 7:46,116.35929,39.840156,NA,NA,94
LVCB4L4D3HM002839,5/20/2020 7:46,116.35929,39.840156,NA,NA,95
LVCB4L4D3HM002839,5/20/2020 7:46,116.35929,39.840156,NA,NA,97
LVCB4L4D3HM002839,5/20/2020 7:46,116.35929,39.840156,NA,NA,98
LVCB4L4D3HM002839,5/20/2020 7:47,116.35929,39.840156,NA,NA,98
LVCB4L4D3HM002839,5/20/2020 7:47,116.35929,39.840156,NA,NA,98
LVCB4L4D3HM002839,5/20/2020 7:47,116.35929,39.840156,NA,NA,98
LVCB4L4D3HM002839,5/20/2020 7:47,116.35929,39.840156,NA,NA,98
LVCB4L4D3HM002839,5/20/2020 7:48,116.35929,39.840156,NA,NA,98
LVCB4L4D3HM002839,5/20/2020 7:48,116.35929,39.840156,NA,NA,100
LVCB4L4D3HM002839,5/20/2020 7:48,116.35929,39.840156,NA,NA,100
LVCB4L4D3HM002839,5/20/2020 7:49,116.35929,39.840156,NA,NA,100
LVCB4L4D3HM002839,5/20/2020 7:49,116.35929,39.840156,NA,NA,100
LVCB4L4D3HM002839,5/20/2020 7:49,116.35929,39.840156,NA,NA,100
LVCB4L4D3HM002839,5/20/2020 7:50,116.35929,39.840156,NA,NA,100
LVCB4L4D3HM002839,5/20/2020 7:50,116.35929,39.840156,NA,NA,100
LVCB4L4D3HM002839,5/20/2020 7:51,116.35929,39.840156,NA,NA,100
LVCB4L4D3HM002839,5/20/2020 7:51,116.35929,39.840156,NA,NA,100
LVCB4L4D3HM002839,5/20/2020 7:51,116.35929,39.840156,NA,NA,100
LVCB4L4D3HM002839,5/20/2020 7:52,116.35929,39.840156,NA,NA,100
LVCB4L4D3HM002839,5/20/2020 7:52,116.35929,39.840156,NA,NA,100
LVCB4L4D3HM002839,5/20/2020 7:52,116.35929,39.840156,NA,NA,100
LVCB4L4D3HM002839,5/20/2020 7:53,116.35929,39.840156,NA,NA,100
LVCB4L4D3HM002839,5/20/2020 7:53,116.35929,39.840156,NA,NA,100
LVCB4L4D3HM002839,5/20/2020 7:53,116.35929,39.840156,NA,NA,100
LVCB4L4D3HM002839,5/20/2020 7:54,116.35929,39.840156,NA,NA,100
LVCB4L4D3HM002839,5/20/2020 7:54,116.35929,39.840156,NA,NA,100
LVCB4L4D3HM002839,5/20/2020 7:54,116.35929,39.840156,NA,NA,100
LVCB4L4D3HM002839,5/20/2020 7:54,116.35929,39.840156,NA,NA,100
LVCB4L4D3HM002839,5/20/2020 7:55,116.35929,39.840156,NA,NA,100
LVCB4L4D3HM002839,5/20/2020 7:55,116.35929,39.840156,NA,NA,100
LVCB4L4D3HM002839,5/20/2020 7:55,116.35929,39.840156,NA,NA,100
LVCB4L4D3HM002839,5/20/2020 7:56,116.35929,39.840156,NA,NA,100
LVCB4L4D3HM002839,5/20/2020 7:56,116.35929,39.840156,NA,NA,100
LVCB4L4D3HM002839,5/20/2020 7:56,116.35929,39.840156,NA,NA,100
LVCB4L4D3HM002839,5/20/2020 7:57,116.35929,39.840156,NA,NA,100
LVCB4L4D3HM002839,5/20/2020 7:57,116.35929,39.840156,NA,NA,100
LVCB4L4D3HM002839,5/20/2020 7:58,116.35929,39.840156,NA,NA,100
LVCB4L4D3HM002839,5/20/2020 7:58,116.35929,39.840156,NA,NA,100
LVCB4L4D3HM002839,5/20/2020 7:58,116.35929,39.840156,NA,NA,100
LVCB4L4D3HM002839,5/20/2020 7:58,116.35929,39.840156,NA,NA,100
LVCB4L4D3HM002839,5/20/2020 7:59,116.35929,39.840156,NA,NA,100
LVCB4L4D3HM002839,5/20/2020 7:59,116.35929,39.840156,NA,NA,100
LVCB4L4D3HM002839,5/20/2020 8:00,116.35929,39.840156,NA,NA,100
LVCB4L4D3HM002839,5/20/2020 8:00,116.35929,39.840156,NA,NA,100
LVCB4L4D3HM002839,5/20/2020 8:01,116.35929,39.840156,NA,NA,100
LVCB4L4D3HM002839,5/20/2020 8:01,116.35929,39.840156,NA,NA,100
LVCB4L4D3HM002839,5/20/2020 8:01,116.35929,39.840156,NA,NA,100
LVCB4L4D3HM002839,5/20/2020 8:01,116.35929,39.840156,NA,NA,100
LVCB4L4D3HM002839,5/20/2020 8:02,116.35929,39.840156,NA,NA,100
LVCB4L4D3HM002839,5/20/2020 8:02,116.35929,39.840156,NA,NA,100
LVCB4L4D3HM002839,5/20/2020 8:02,116.35929,39.840156,NA,NA,100
LVCB4L4D3HM002839,5/20/2020 8:03,116.35929,39.840156,NA,NA,100
LVCB4L4D3HM002839,5/20/2020 8:03,116.35929,39.840156,NA,NA,100
LVCB4L4D3HM002839,5/20/2020 8:03,116.35929,39.840156,NA,NA,100
LVCB4L4D3HM002839,5/20/2020 8:04,116.35929,39.840156,NA,NA,100
LVCB4L4D3HM002839,5/20/2020 8:04,116.35929,39.840156,NA,NA,100
LVCB4L4D3HM002839,5/20/2020 8:04,116.35929,39.840156,NA,NA,100
LVCB4L4D3HM002839,5/20/2020 8:05,116.35929,39.840156,NA,NA,100
LVCB4L4D3HM002839,5/20/2020 8:05,116.35929,39.840156,NA,NA,100
LVCB4L4D3HM002839,5/20/2020 8:05,116.35929,39.840156,NA,NA,100
LVCB4L4D3HM002839,5/20/2020 8:06,116.35929,39.840156,NA,NA,100
LVCB4L4D3HM002839,5/20/2020 8:06,116.35929,39.840156,NA,NA,100
LVCB4L4D3HM002839,5/20/2020 8:06,116.35929,39.840156,NA,NA,100
LVCB4L4D3HM002839,5/20/2020 8:07,116.35929,39.840156,NA,NA,100
LVCB4L4D3HM002839,5/20/2020 8:07,116.35929,39.840156,NA,NA,100
LVCB4L4D3HM002839,5/20/2020 8:08,116.35929,39.840156,NA,NA,100
LVCB4L4D3HM002839,5/20/2020 8:08,116.35929,39.840156,NA,NA,100
LVCB4L4D3HM002839,5/20/2020 8:08,116.35929,39.840156,NA,NA,100
LVCB4L4D3HM002839,5/20/2020 8:09,116.35929,39.840156,NA,NA,100
LVCB4L4D3HM002839,5/20/2020 8:09,116.35929,39.840156,NA,NA,100
LVCB4L4D3HM002839,5/20/2020 8:09,116.35929,39.840156,NA,NA,100
LVCB4L4D3HM002839,5/20/2020 8:10,116.35929,39.840156,NA,NA,100
LVCB4L4D3HM002839,5/20/2020 8:10,116.35929,39.840156,NA,NA,100
LVCB4L4D3HM002839,5/20/2020 8:11,116.35929,39.840156,NA,NA,100
LVCB4L4D3HM002839,5/20/2020 8:11,116.35929,39.840156,NA,NA,100
LVCB4L4D3HM002839,5/20/2020 8:11,116.35929,39.840156,NA,NA,100
LVCB4L4D3HM002839,5/20/2020 8:12,116.35929,39.840156,NA,NA,100
LVCB4L4D3HM002839,5/20/2020 8:12,116.35929,39.840156,NA,NA,100
LVCB4L4D3HM002839,5/20/2020 8:13,116.35929,39.840156,NA,NA,100
LVCB4L4D3HM002839,5/20/2020 8:13,116.35929,39.840156,NA,NA,100
LVCB4L4D3HM002839,5/20/2020 8:13,116.35929,39.840156,NA,NA,100
LVCB4L4D3HM002839,5/20/2020 8:14,116.35929,39.840156,NA,NA,100
LVCB4L4D3HM002839,5/20/2020 8:14,116.35929,39.840156,0,79023,100
LVCB4L4D3HM002839,5/20/2020 8:15,116.35929,39.840156,0,79023,100
LVCB4L4D3HM002839,5/20/2020 8:15,116.35929,39.840156,0,79023,99
LVCB4L4D3HM002839,5/20/2020 8:16,116.35929,39.840156,0,79023,99
LVCB4L4D3HM002839,5/20/2020 8:16,116.35929,39.840156,0,79023,99
LVCB4L4D3HM002839,5/20/2020 8:16,116.35929,39.840156,0,79023,99
LVCB4L4D3HM002839,5/20/2020 8:17,116.358861,39.840263,2.7,79023,99
LVCB4L4D3HM002839,5/20/2020 8:17,116.358881,39.840894,29.7,79023.1,99
LVCB4L4D3HM002839,5/20/2020 8:17,116.358786,39.842698,41.4,79023.3,99
LVCB4L4D3HM002839,5/20/2020 8:18,116.3588,39.843311,0.2,79023.3,99
LVCB4L4D3HM002839,5/20/2020 8:18,116.359626,39.844519,41.6,79023.5,98
LVCB4L4D3HM002839,5/20/2020 8:18,116.361416,39.844476,10.1,79023.7,98
LVCB4L4D3HM002839,5/20/2020 8:19,116.361488,39.844494,4.4,79023.7,98
LVCB4L4D3HM002839,5/20/2020 8:19,116.363943,39.844541,28,79024,98
LVCB4L4D3HM002839,5/20/2020 8:20,116.36484,39.844554,22.8,79024,98
LVCB4L4D3HM002839,5/20/2020 8:20,116.365115,39.846123,0,79024.2,98
LVCB4L4D3HM002839,5/20/2020 8:20,116.365095,39.846494,36.4,79024.2,98
LVCB4L4D3HM002839,5/20/2020 8:20,116.365188,39.847734,33.3,79024.5,98
LVCB4L4D3HM002839,5/20/2020 8:21,116.365231,39.849051,23.6,79024.5,98
LVCB4L4D3HM002839,5/20/2020 8:22,116.3655,39.849284,21.8,79024.6,98
LVCB4L4D3HM002839,5/20/2020 8:23,116.372522,39.849164,0,79025.2,97
LVCB4L4D3HM002839,5/20/2020 8:23,116.373744,39.849188,5.9,79025.3,97
LVCB4L4D3HM002839,5/20/2020 8:24,116.374349,39.849143,28.5,79025.5,97
LVCB4L4D3HM002839,5/20/2020 8:24,116.376962,39.848611,34,79025.6,97
LVCB4L4D3HM002839,5/20/2020 8:24,116.378572,39.848236,34.5,79025.8,96
LVCB4L4D3HM002839,5/20/2020 8:25,116.380591,39.847939,12.2,79026,96
LVCB4L4D3HM002839,5/20/2020 8:25,116.380809,39.849011,31.9,79026.1,96
LVCB4L4D3HM002839,5/20/2020 8:25,116.380821,39.849299,6.7,79026.1,96
LVCB4L4D3HM002839,5/20/2020 8:26,116.380801,39.850821,2.1,79026.3,96
LVCB4L4D3HM002839,5/20/2020 8:26,116.380801,39.850851,9.9,79026.3,96
LVCB4L4D3HM002839,5/20/2020 8:26,116.380742,39.85196,38,79026.5,96
LVCB4L4D3HM002839,5/20/2020 8:27,116.380682,39.85306,23.6,79026.6,96
LVCB4L4D3HM002839,5/20/2020 8:27,116.380722,39.854608,14.7,79026.8,96
LVCB4L4D3HM002839,5/20/2020 8:27,116.380732,39.855106,18.2,79026.8,96
LVCB4L4D3HM002839,5/20/2020 8:28,116.381521,39.855478,0,79027,96
LVCB4L4D3HM002839,5/20/2020 8:28,116.383924,39.85554,41.5,79027.2,95
LVCB4L4D3HM002839,5/20/2020 8:29,116.386678,39.855571,5.4,79027.5,95
LVCB4L4D3HM002839,5/20/2020 8:29,116.386933,39.85556,4.6,79027.5,95
LVCB4L4D3HM002839,5/20/2020 8:29,116.388401,39.855585,50.7,79027.6,94
LVCB4L4D3HM002839,5/20/2020 8:30,116.391093,39.855626,62.4,79027.8,94
LVCB4L4D3HM002839,5/20/2020 8:30,116.393974,39.85556,58.9,79028.1,94
LVCB4L4D3HM002839,5/20/2020 8:30,116.396443,39.85557,42.9,79028.3,94
LVCB4L4D3HM002839,5/20/2020 8:30,116.398229,39.855583,25.8,79028.5,94
LVCB4L4D3HM002839,5/20/2020 8:31,116.398923,39.855543,0,79028.5,94
LVCB4L4D3HM002839,5/20/2020 8:31,116.399434,39.855598,37.5,79028.6,94
LVCB4L4D3HM002839,5/20/2020 8:31,116.401738,39.855645,60.9,79028.8,93
LVCB4L4D3HM002839,5/20/2020 8:31,116.404498,39.855658,60.6,79029,93
LVCB4L4D3HM002839,5/20/2020 8:32,116.407415,39.855638,65.2,79029.3,93
LVCB4L4D3HM002839,5/20/2020 8:32,116.410028,39.85564,32.4,79029.5,93
LVCB4L4D3HM002839,5/20/2020 8:32,116.41052,39.855611,0,79029.6,93
LVCB4L4D3HM002839,5/20/2020 8:32,116.411141,39.855645,41.8,79029.6,93
LVCB4L4D3HM002839,5/20/2020 8:33,116.41319,39.855585,46.6,79029.8,92
LVCB4L4D3HM002839,5/20/2020 8:33,116.414976,39.855683,26,79030,93
LVCB4L4D3HM002839,5/20/2020 8:33,116.415341,39.855736,0,79030,93
LVCB4L4D3HM002839,5/20/2020 8:33,116.415341,39.855736,0,79030,93
LVCB4L4D3HM002839,5/20/2020 8:34,116.415341,39.855736,0,79030,93
LVCB4L4D3HM002839,5/20/2020 8:34,116.415341,39.855736,0,79030,93
LVCB4L4D3HM002839,5/20/2020 8:34,116.415341,39.855736,0,79030,93
LVCB4L4D3HM002839,5/20/2020 8:34,116.415341,39.855736,0,79030,93
LVCB4L4D3HM002839,5/20/2020 8:35,116.415341,39.855736,0,79030,93
LVCB4L4D3HM002839,5/20/2020 8:35,116.415341,39.855736,0,79030,93
LVCB4L4D3HM002839,5/20/2020 8:35,116.415341,39.855736,0,79030,93
LVCB4L4D3HM002839,5/20/2020 8:35,116.415341,39.855736,0,79030,93
LVCB4L4D3HM002839,5/20/2020 8:36,116.415341,39.855736,0.9,79030,93
LVCB4L4D3HM002839,5/20/2020 8:36,116.416136,39.855928,33.4,79030.1,92
LVCB4L4D3HM002839,5/20/2020 8:36,116.417991,39.856325,55.5,79030.3,92
LVCB4L4D3HM002839,5/20/2020 8:36,116.420344,39.856648,40.4,79030.5,92
LVCB4L4D3HM002839,5/20/2020 8:37,116.420884,39.856663,0,79030.5,92
LVCB4L4D3HM002839,5/20/2020 8:37,116.421212,39.856685,33.6,79030.5,92
LVCB4L4D3HM002839,5/20/2020 8:37,116.422522,39.856798,20,79030.7,92
LVCB4L4D3HM002839,5/20/2020 8:37,116.424361,39.856963,45.3,79030.8,92
LVCB4L4D3HM002839,5/20/2020 8:38,116.425622,39.857035,0,79031,92
LVCB4L4D3HM002839,5/20/2020 8:38,116.425632,39.857031,0,79031,92
LVCB4L4D3HM002839,5/20/2020 8:38,116.425632,39.857031,0,79031,92
LVCB4L4D3HM002839,5/20/2020 8:38,116.425632,39.857031,0,79031,92
LVCB4L4D3HM002839,5/20/2020 8:39,116.425632,39.857031,0,79031,92
LVCB4L4D3HM002839,5/20/2020 8:39,116.425772,39.857026,14.7,79031,92
LVCB4L4D3HM002839,5/20/2020 8:39,116.426014,39.857098,2.5,79031,92
LVCB4L4D3HM002839,5/20/2020 8:39,116.426034,39.857233,0,79031,92
LVCB4L4D3HM002839,5/20/2020 8:40,116.426034,39.857233,0,79031,92
LVCB4L4D3HM002839,5/20/2020 8:40,116.426034,39.857233,2,79031,92
LVCB4L4D3HM002839,5/20/2020 8:40,116.425987,39.858048,0,79031.1,92
LVCB4L4D3HM002839,5/20/2020 8:40,116.425897,39.858396,38.6,79031.1,91
LVCB4L4D3HM002839,5/20/2020 8:41,116.425787,39.859616,21.4,79031.3,91
LVCB4L4D3HM002839,5/20/2020 8:41,116.425551,39.860328,18.9,79031.3,91
LVCB4L4D3HM002839,5/20/2020 8:41,116.425114,39.860971,32.1,79031.5,91
LVCB4L4D3HM002839,5/20/2020 8:41,116.424526,39.86205,31.1,79031.6,91
LVCB4L4D3HM002839,5/20/2020 8:42,116.424426,39.86273,19.3,79031.6,91
LVCB4L4D3HM002839,5/20/2020 8:42,116.424377,39.863975,27,79031.8,90
LVCB4L4D3HM002839,5/20/2020 8:42,116.425166,39.864453,36.3,79032,90
LVCB4L4D3HM002839,5/20/2020 8:42,116.426841,39.864471,8.3,79032,90
LVCB4L4D3HM002839,5/20/2020 8:43,116.426866,39.864473,0,79032,90
LVCB4L4D3HM002839,5/20/2020 8:43,116.426866,39.864473,0,79032,90
LVCB4L4D3HM002839,5/20/2020 8:43,116.427069,39.864513,0.9,79032.1,90
LVCB4L4D3HM002839,5/20/2020 8:43,116.427092,39.864508,1.8,79032.1,90
LVCB4L4D3HM002839,5/20/2020 8:44,116.427932,39.86452,29.6,79032.1,90
LVCB4L4D3HM002839,5/20/2020 8:44,116.429846,39.864543,57.6,79032.3,90
LVCB4L4D3HM002839,5/20/2020 8:44,116.431941,39.864568,27.7,79032.5,90
LVCB4L4D3HM002839,5/20/2020 8:44,116.432211,39.864561,0,79032.5,90
LVCB4L4D3HM002839,5/20/2020 8:45,116.432211,39.864561,0,79032.5,90
LVCB4L4D3HM002839,5/20/2020 8:45,116.432211,39.864561,0,79032.5,90
LVCB4L4D3HM002839,5/20/2020 8:45,116.432211,39.864561,0,79032.5,90
LVCB4L4D3HM002839,5/20/2020 8:45,116.432211,39.864561,0,79032.5,90
LVCB4L4D3HM002839,5/20/2020 8:46,116.432211,39.864561,0,79032.5,90
LVCB4L4D3HM002839,5/20/2020 8:46,116.432211,39.864561,0,79032.5,90
LVCB4L4D3HM002839,5/20/2020 8:46,116.432211,39.864561,0,79032.5,90
LVCB4L4D3HM002839,5/20/2020 8:46,116.432752,39.864666,8.1,79032.6,90
LVCB4L4D3HM002839,5/20/2020 8:47,116.432839,39.865355,40.3,79032.7,90
LVCB4L4D3HM002839,5/20/2020 8:47,116.432894,39.86602,0,79032.7,90
LVCB4L4D3HM002839,5/20/2020 8:47,116.432896,39.86601,16.4,79032.7,90
LVCB4L4D3HM002839,5/20/2020 8:47,116.433007,39.867466,55.7,79033,89
LVCB4L4D3HM002839,5/20/2020 8:48,116.433501,39.868744,23.2,79033.1,89
LVCB4L4D3HM002839,5/20/2020 8:48,116.434176,39.868934,2.7,79033.1,89
LVCB4L4D3HM002839,5/20/2020 8:48,116.434489,39.868946,9.3,79033.2,89
LVCB4L4D3HM002839,5/20/2020 8:48,116.435614,39.868999,30.1,79033.3,89
LVCB4L4D3HM002839,5/20/2020 8:49,116.436288,39.869169,6.5,79033.3,89
LVCB4L4D3HM002839,5/20/2020 8:49,116.436529,39.869319,4.1,79033.5,89
LVCB4L4D3HM002839,5/20/2020 8:49,116.436761,39.869431,5.1,79033.5,89
LVCB4L4D3HM002839,5/20/2020 8:49,116.437064,39.869604,11.7,79033.5,89
LVCB4L4D3HM002839,5/20/2020 8:50,116.437499,39.869947,24.7,79033.5,89
LVCB4L4D3HM002839,5/20/2020 8:50,116.437853,39.870371,4.4,79033.5,89
LVCB4L4D3HM002839,5/20/2020 8:50,116.438119,39.871079,32.5,79033.6,88
LVCB4L4D3HM002839,5/20/2020 8:50,116.438266,39.871931,18.3,79033.7,88
LVCB4L4D3HM002839,5/20/2020 8:51,116.438454,39.872747,28,79033.8,88
LVCB4L4D3HM002839,5/20/2020 8:51,116.438819,39.873661,6.9,79034,88
LVCB4L4D3HM002839,5/20/2020 8:51,116.438824,39.873712,0,79034,88
LVCB4L4D3HM002839,5/20/2020 8:51,116.438853,39.873814,16.6,79034,88
LVCB4L4D3HM002839,5/20/2020 8:52,116.439119,39.874456,17.1,79034,88
LVCB4L4D3HM002839,5/20/2020 8:52,116.439388,39.874826,15.6,79034.1,88
LVCB4L4D3HM002839,5/20/2020 8:52,116.440624,39.874842,35.5,79034.2,88
LVCB4L4D3HM002839,5/20/2020 8:52,116.442553,39.874859,47,79034.5,88
LVCB4L4D3HM002839,5/20/2020 8:53,116.444403,39.874882,16.2,79034.5,88
LVCB4L4D3HM002839,5/20/2020 8:53,116.444683,39.874372,34.1,79034.6,88
LVCB4L4D3HM002839,5/20/2020 8:53,116.444729,39.873762,0.1,79034.7,88
LVCB4L4D3HM002839,5/20/2020 8:53,116.444719,39.872954,25.3,79034.8,88
LVCB4L4D3HM002839,5/20/2020 8:54,116.444691,39.872562,0,79034.8,88
LVCB4L4D3HM002839,5/20/2020 8:54,116.444704,39.872082,31.1,79035,87
LVCB4L4D3HM002839,5/20/2020 8:54,116.444721,39.871236,28,79035,87
LVCB4L4D3HM002839,5/20/2020 8:54,116.444741,39.870902,0,79035,87
LVCB4L4D3HM002839,5/20/2020 8:55,116.444746,39.870794,1.6,79035,87
LVCB4L4D3HM002839,5/20/2020 8:55,116.444721,39.870739,0,79035,87
LVCB4L4D3HM002839,5/20/2020 8:55,116.444721,39.870739,0,79035,87
LVCB4L4D3HM002839,5/20/2020 8:55,116.444721,39.870739,0,79035,87
LVCB4L4D3HM002839,5/20/2020 8:56,116.444656,39.870376,15.9,79035.1,87
LVCB4L4D3HM002839,5/20/2020 8:56,116.445063,39.870037,30.9,79035.1,87
LVCB4L4D3HM002839,5/20/2020 8:56,116.446764,39.870021,7.5,79035.3,87
LVCB4L4D3HM002839,5/20/2020 8:56,116.446818,39.870029,0.1,79035.3,87
LVCB4L4D3HM002839,5/20/2020 8:57,116.447916,39.870054,48,79035.5,87
LVCB4L4D3HM002839,5/20/2020 8:57,116.449298,39.870032,1.6,79035.5,87
LVCB4L4D3HM002839,5/20/2020 8:57,116.449309,39.870037,0.1,79035.5,87
LVCB4L4D3HM002839,5/20/2020 8:57,116.450238,39.870039,38.2,79035.6,87
LVCB4L4D3HM002839,5/20/2020 8:58,116.451418,39.870017,0,79035.7,87
LVCB4L4D3HM002839,5/20/2020 8:58,116.452025,39.870044,37.4,79035.8,86
LVCB4L4D3HM002839,5/20/2020 8:58,116.453605,39.870009,10.9,79036,86
LVCB4L4D3HM002839,5/20/2020 8:58,116.45368,39.870019,0,79036,86
LVCB4L4D3HM002839,5/20/2020 8:59,116.45368,39.870019,0,79036,86
LVCB4L4D3HM002839,5/20/2020 8:59,116.45368,39.870019,0,79036,86
LVCB4L4D3HM002839,5/20/2020 8:59,116.45368,39.870019,0,79036,86
LVCB4L4D3HM002839,5/20/2020 8:59,116.45368,39.870019,2.1,79036,86
LVCB4L4D3HM002839,5/20/2020 9:00,116.454783,39.869992,38.1,79036,86
LVCB4L4D3HM002839,5/20/2020 9:00,116.456623,39.869931,4.3,79036.2,86
LVCB4L4D3HM002839,5/20/2020 9:00,116.457,39.869931,37,79036.2,86
LVCB4L4D3HM002839,5/20/2020 9:00,116.459148,39.869932,46.1,79036.5,86
LVCB4L4D3HM002839,5/20/2020 9:01,116.461085,39.869887,31.1,79036.6,86
LVCB4L4D3HM002839,5/20/2020 9:01,116.461586,39.869871,8.7,79036.6,86
LVCB4L4D3HM002839,5/20/2020 9:01,116.461623,39.869537,28.6,79036.7,86
LVCB4L4D3HM002839,5/20/2020 9:01,116.46161,39.868464,33.5,79036.8,86
LVCB4L4D3HM002839,5/20/2020 9:02,116.461613,39.867407,23.4,79037,86
LVCB4L4D3HM002839,5/20/2020 9:02,116.46157,39.866897,7.4,79037,86
LVCB4L4D3HM002839,5/20/2020 9:02,116.461708,39.866625,10.1,79037,86
LVCB4L4D3HM002839,5/20/2020 9:02,116.461941,39.866618,1.4,79037,86
LVCB4L4D3HM002839,5/20/2020 9:03,116.462691,39.866645,25.2,79037.1,85
LVCB4L4D3HM002839,5/20/2020 9:03,116.463883,39.866641,27.2,79037.2,85
LVCB4L4D3HM002839,5/20/2020 9:03,116.465236,39.866591,21.6,79037.3,85
LVCB4L4D3HM002839,5/20/2020 9:03,116.4656,39.866588,0,79037.5,85
LVCB4L4D3HM002839,5/20/2020 9:04,116.466038,39.866581,15.6,79037.5,85
LVCB4L4D3HM002839,5/20/2020 9:04,116.466616,39.866516,6.1,79037.5,85
LVCB4L4D3HM002839,5/20/2020 9:04,116.467349,39.866558,29,79037.5,85
LVCB4L4D3HM002839,5/20/2020 9:04,116.468652,39.866555,25.8,79037.6,85
LVCB4L4D3HM002839,5/20/2020 9:05,116.469801,39.866536,12.5,79037.7,85
LVCB4L4D3HM002839,5/20/2020 9:05,116.470304,39.866541,2.2,79037.8,85
LVCB4L4D3HM002839,5/20/2020 9:05,116.470349,39.866548,0,79037.8,85
LVCB4L4D3HM002839,5/20/2020 9:05,116.470349,39.866548,0,79037.8,85
LVCB4L4D3HM002839,5/20/2020 9:06,116.470349,39.866548,0,79037.8,85
LVCB4L4D3HM002839,5/20/2020 9:06,116.470462,39.866528,15.5,79037.8,85
LVCB4L4D3HM002839,5/20/2020 9:06,116.471192,39.866593,15.3,79038,85
LVCB4L4D3HM002839,5/20/2020 9:06,116.471289,39.867262,15.2,79038,85
LVCB4L4D3HM002839,5/20/2020 9:07,116.471272,39.867529,27.5,79038,85
LVCB4L4D3HM002839,5/20/2020 9:07,116.471237,39.868701,33,79038.1,84
LVCB4L4D3HM002839,5/20/2020 9:07,116.471272,39.869174,0,79038.2,85
LVCB4L4D3HM002839,5/20/2020 9:07,116.471272,39.869176,0,79038.2,85
LVCB4L4D3HM002839,5/20/2020 9:08,116.471276,39.869394,11.9,79038.2,85
LVCB4L4D3HM002839,5/20/2020 9:08,116.471284,39.869792,7.2,79038.2,85
LVCB4L4D3HM002839,5/20/2020 9:08,116.471631,39.869954,19,79038.3,84
LVCB4L4D3HM002839,5/20/2020 9:08,116.472664,39.869876,12.6,79038.5,84
LVCB4L4D3HM002839,5/20/2020 9:09,116.472872,39.869859,8.4,79038.5,84
LVCB4L4D3HM002839,5/20/2020 9:09,116.473912,39.869874,34.1,79038.5,84
LVCB4L4D3HM002839,5/20/2020 9:09,116.475127,39.869841,12,79038.6,84
LVCB4L4D3HM002839,5/20/2020 9:09,116.475456,39.869829,0,79038.6,84
LVCB4L4D3HM002839,5/20/2020 9:10,116.475462,39.869832,0,79038.6,84
LVCB4L4D3HM002839,5/20/2020 9:10,116.475462,39.869832,0,79038.6,84
LVCB4L4D3HM002839,5/20/2020 9:10,116.475462,39.869832,0,79038.6,84
LVCB4L4D3HM002839,5/20/2020 9:10,116.475462,39.869832,0,79038.6,84
LVCB4L4D3HM002839,5/20/2020 9:21,116.475769,39.869806,8.1,79038.6,84
LVCB4L4D3HM002839,5/20/2020 9:22,116.475801,39.869046,9.1,79038.7,84
LVCB4L4D3HM002839,5/20/2020 9:22,116.475796,39.868422,39.6,79038.7,84
LVCB4L4D3HM002839,5/20/2020 9:22,116.475792,39.867744,17.9,79038.8,84
LVCB4L4D3HM002839,5/20/2020 9:22,116.475789,39.866665,15,79039,84
LVCB4L4D3HM002839,5/20/2020 9:23,116.474766,39.866518,44.3,79039,84
LVCB4L4D3HM002839,5/20/2020 9:23,116.472796,39.866516,40.1,79039.2,83
LVCB4L4D3HM002839,5/20/2020 9:23,116.471497,39.866555,4.8,79039.3,84
LVCB4L4D3HM002839,5/20/2020 9:23,116.471466,39.866556,0,79039.3,84
LVCB4L4D3HM002839,5/20/2020 9:24,116.471466,39.866556,0,79039.3,84
LVCB4L4D3HM002839,5/20/2020 9:24,116.471466,39.866556,16.1,79039.3,83
LVCB4L4D3HM002839,5/20/2020 9:24,116.470267,39.866551,31.7,79039.5,83
LVCB4L4D3HM002839,5/20/2020 9:24,116.469921,39.866558,14,79039.5,83
LVCB4L4D3HM002839,5/20/2020 9:25,116.468562,39.866546,42,79039.6,83
LVCB4L4D3HM002839,5/20/2020 9:25,116.466754,39.866593,24.4,79039.8,83
LVCB4L4D3HM002839,5/20/2020 9:25,116.466428,39.866601,0.6,79039.8,83
LVCB4L4D3HM002839,5/20/2020 9:25,116.465628,39.866613,8,79040,83
LVCB4L4D3HM002839,5/20/2020 9:26,116.464976,39.866585,29.4,79040,83
LVCB4L4D3HM002839,5/20/2020 9:26,116.463721,39.866596,24.5,79040,82
LVCB4L4D3HM002839,5/20/2020 9:26,116.462611,39.86664,0,79040.1,82
LVCB4L4D3HM002839,5/20/2020 9:26,116.462583,39.866651,0,79040.1,82
LVCB4L4D3HM002839,5/20/2020 9:27,116.462583,39.866651,8.4,79040.2,82
LVCB4L4D3HM002839,5/20/2020 9:27,116.461655,39.866686,11.2,79040.2,82
LVCB4L4D3HM002839,5/20/2020 9:27,116.461605,39.867489,37.1,79040.3,82
LVCB4L4D3HM002839,5/20/2020 9:27,116.461581,39.868526,12.9,79040.5,82
LVCB4L4D3HM002839,5/20/2020 9:28,116.461586,39.868657,0,79040.5,82
LVCB4L4D3HM002839,5/20/2020 9:28,116.461575,39.868666,0,79040.5,82
LVCB4L4D3HM002839,5/20/2020 9:28,116.461568,39.868754,10,79040.5,82
LVCB4L4D3HM002839,5/20/2020 9:28,116.4616,39.868999,12.3,79040.5,82
LVCB4L4D3HM002839,5/20/2020 9:29,116.461605,39.869334,0,79040.5,82
LVCB4L4D3HM002839,5/20/2020 9:29,116.46159,39.869346,0,79040.5,82
LVCB4L4D3HM002839,5/20/2020 9:29,116.46159,39.869346,0,79040.5,82
LVCB4L4D3HM002839,5/20/2020 9:29,116.46159,39.869346,0,79040.5,82
LVCB4L4D3HM002839,5/20/2020 9:30,116.46159,39.869346,0,79040.5,82
LVCB4L4D3HM002839,5/20/2020 9:30,116.46159,39.869346,0,79040.5,82
LVCB4L4D3HM002839,5/20/2020 9:30,116.46159,39.869346,0.4,79040.5,82
LVCB4L4D3HM002839,5/20/2020 9:30,116.461623,39.869632,16.5,79040.6,82
LVCB4L4D3HM002839,5/20/2020 9:31,116.461375,39.870034,26.5,79040.6,82
LVCB4L4D3HM002839,5/20/2020 9:31,116.45941,39.870062,46.5,79040.8,81
LVCB4L4D3HM002839,5/20/2020 9:31,116.457536,39.870071,2,79041,82
LVCB4L4D3HM002839,5/20/2020 9:31,116.456751,39.870082,44.1,79041,81
LVCB4L4D3HM002839,5/20/2020 9:32,116.454711,39.870059,28.3,79041.2,81
LVCB4L4D3HM002839,5/20/2020 9:32,116.454278,39.870059,29.3,79041.3,81
LVCB4L4D3HM002839,5/20/2020 9:32,116.452435,39.870112,34.4,79041.5,81
LVCB4L4D3HM002839,5/20/2020 9:32,116.451635,39.870099,30.1,79041.5,81
LVCB4L4D3HM002839,5/20/2020 9:33,116.450545,39.870077,7,79041.6,81
LVCB4L4D3HM002839,5/20/2020 9:33,116.45036,39.870094,0,79041.6,81
LVCB4L4D3HM002839,5/20/2020 9:33,116.450361,39.870096,2.1,79041.6,81
LVCB4L4D3HM002839,5/20/2020 9:33,116.449546,39.870114,38.5,79041.7,80
LVCB4L4D3HM002839,5/20/2020 9:34,116.447884,39.870126,33.3,79041.8,80
LVCB4L4D3HM002839,5/20/2020 9:34,116.446743,39.870157,0,79042,80
LVCB4L4D3HM002839,5/20/2020 9:34,116.446119,39.870137,40.4,79042,80
LVCB4L4D3HM002839,5/20/2020 9:34,116.444769,39.870146,10.4,79042.1,80
LVCB4L4D3HM002839,5/20/2020 9:35,116.444674,39.870636,9.5,79042.2,80
LVCB4L4D3HM002839,5/20/2020 9:35,116.444713,39.871349,18.9,79042.3,80
LVCB4L4D3HM002839,5/20/2020 9:35,116.444713,39.872074,27,79042.5,80
LVCB4L4D3HM002839,5/20/2020 9:35,116.444718,39.872941,31.5,79042.5,80
LVCB4L4D3HM002839,5/20/2020 9:36,116.444724,39.873761,7.5,79042.6,80
LVCB4L4D3HM002839,5/20/2020 9:36,116.444721,39.873872,0.4,79042.6,80
LVCB4L4D3HM002839,5/20/2020 9:36,116.444721,39.873872,0.3,79042.6,80
LVCB4L4D3HM002839,5/20/2020 9:36,116.444713,39.874051,2.7,79042.6,80
LVCB4L4D3HM002839,5/20/2020 9:37,116.444739,39.874406,0.4,79042.6,80
LVCB4L4D3HM002839,5/20/2020 9:37,116.444739,39.874421,0,79042.6,80
LVCB4L4D3HM002839,5/20/2020 9:37,116.444739,39.874421,0,79042.6,80
LVCB4L4D3HM002839,5/20/2020 9:37,116.444739,39.874421,0,79042.6,80
LVCB4L4D3HM002839,5/20/2020 9:38,116.444739,39.874421,3.6,79042.6,80
LVCB4L4D3HM002839,5/20/2020 9:38,116.444661,39.874856,15.7,79042.7,80
LVCB4L4D3HM002839,5/20/2020 9:38,116.443503,39.874911,34.2,79042.8,79
LVCB4L4D3HM002839,5/20/2020 9:38,116.441859,39.874919,26.7,79043,79
LVCB4L4D3HM002839,5/20/2020 9:39,116.441511,39.874901,1.4,79043,79
LVCB4L4D3HM002839,5/20/2020 9:39,116.440303,39.874879,39.1,79043.1,79
LVCB4L4D3HM002839,5/20/2020 9:39,116.439351,39.874986,9,79043.2,79
LVCB4L4D3HM002839,5/20/2020 9:39,116.439821,39.876012,44.7,79043.3,79
LVCB4L4D3HM002839,5/20/2020 9:40,116.440299,39.877479,38.6,79043.5,79
LVCB4L4D3HM002839,5/20/2020 9:40,116.440206,39.878699,1.7,79043.6,79
LVCB4L4D3HM002839,5/20/2020 9:40,116.440098,39.878981,23.4,79043.6,79
LVCB4L4D3HM002839,5/20/2020 9:40,116.439993,39.879314,11.2,79043.7,79
LVCB4L4D3HM002839,5/20/2020 9:41,116.439929,39.879536,7.1,79043.7,79
LVCB4L4D3HM002839,5/20/2020 9:41,116.439751,39.879816,12.7,79043.7,78
LVCB4L4D3HM002839,5/20/2020 9:41,116.439636,39.880469,27.3,79043.8,78
LVCB4L4D3HM002839,5/20/2020 9:41,116.439453,39.881569,28.6,79044,78
LVCB4L4D3HM002839,5/20/2020 9:42,116.439341,39.882564,38.1,79044.1,78
LVCB4L4D3HM002839,5/20/2020 9:42,116.439168,39.883926,31,79044.2,78
LVCB4L4D3HM002839,5/20/2020 9:42,116.439294,39.884706,19.4,79044.3,78
LVCB4L4D3HM002839,5/20/2020 9:42,116.439686,39.884023,21.3,79044.5,78
LVCB4L4D3HM002839,5/20/2020 9:43,116.439686,39.883349,19.3,79044.5,78
LVCB4L4D3HM002839,5/20/2020 9:43,116.438333,39.883252,22.4,79044.6,78
LVCB4L4D3HM002839,5/20/2020 9:43,116.438019,39.884239,27.6,79044.7,78
LVCB4L4D3HM002839,5/20/2020 9:43,116.438733,39.884558,16.1,79044.8,78
LVCB4L4D3HM002839,5/20/2020 9:44,116.438966,39.883317,37.7,79045,78
LVCB4L4D3HM002839,5/20/2020 9:44,116.439083,39.882542,37.5,79045.1,77
LVCB4L4D3HM002839,5/20/2020 9:44,116.439361,39.880862,61.5,79045.3,77
LVCB4L4D3HM002839,5/20/2020 9:44,116.439819,39.878564,60.2,79045.6,76
LVCB4L4D3HM002839,5/20/2020 9:45,116.439684,39.876447,56.6,79045.8,76
LVCB4L4D3HM002839,5/20/2020 9:45,116.438719,39.874536,42.4,79046,76
LVCB4L4D3HM002839,5/20/2020 9:45,116.438538,39.874134,14.9,79046.1,76
LVCB4L4D3HM002839,5/20/2020 9:45,116.438176,39.872827,55.4,79046.2,76
LVCB4L4D3HM002839,5/20/2020 9:46,116.437709,39.870809,50.1,79046.5,76
LVCB4L4D3HM002839,5/20/2020 9:46,116.436426,39.869547,43,79046.7,76
LVCB4L4D3HM002839,5/20/2020 9:46,116.434356,39.869361,47.2,79047,76
LVCB4L4D3HM002839,5/20/2020 9:46,116.432954,39.869556,25.5,79047,76
LVCB4L4D3HM002839,5/20/2020 9:47,116.433029,39.868551,33.2,79047.1,76
LVCB4L4D3HM002839,5/20/2020 9:47,116.432831,39.867367,18.1,79047.3,76
LVCB4L4D3HM002839,5/20/2020 9:47,116.432214,39.867159,0.5,79047.3,76
LVCB4L4D3HM002839,5/20/2020 9:47,116.431344,39.867131,39,79047.5,75
LVCB4L4D3HM002839,5/20/2020 9:48,116.429744,39.867121,29.6,79047.6,75
LVCB4L4D3HM002839,5/20/2020 9:48,116.428367,39.867117,28.8,79047.7,75
LVCB4L4D3HM002839,5/20/2020 9:48,116.426937,39.867102,31.4,79047.8,75
LVCB4L4D3HM002839,5/20/2020 9:48,116.425491,39.867107,26.3,79048,75
LVCB4L4D3HM002839,5/20/2020 9:49,116.424416,39.867084,17.6,79048,75
LVCB4L4D3HM002839,5/20/2020 9:49,116.424234,39.866473,41.2,79048.1,75
LVCB4L4D3HM002839,5/20/2020 9:49,116.424219,39.865613,0.7,79048.2,75
LVCB4L4D3HM002839,5/20/2020 9:49,116.424277,39.864833,26.8,79048.3,75
LVCB4L4D3HM002839,5/20/2020 9:50,116.424382,39.863898,38.2,79048.5,74
LVCB4L4D3HM002839,5/20/2020 9:50,116.424441,39.862588,29.3,79048.6,74
LVCB4L4D3HM002839,5/20/2020 9:50,116.424587,39.861825,23.8,79048.7,74
LVCB4L4D3HM002839,5/20/2020 9:50,116.425137,39.860911,30.1,79048.8,74
LVCB4L4D3HM002839,5/20/2020 9:51,116.425422,39.860426,0,79049,74
LVCB4L4D3HM002839,5/20/2020 9:51,116.425421,39.860418,4.8,79049,74
LVCB4L4D3HM002839,5/20/2020 9:51,116.425682,39.85987,17.6,79049,74
LVCB4L4D3HM002839,5/20/2020 9:51,116.425702,39.859488,0,79049,74
LVCB4L4D3HM002839,5/20/2020 9:52,116.425706,39.859481,6.5,79049,74
LVCB4L4D3HM002839,5/20/2020 9:52,116.425787,39.858818,16.5,79049.1,74
LVCB4L4D3HM002839,5/20/2020 9:52,116.425792,39.858296,21.5,79049.1,74
LVCB4L4D3HM002839,5/20/2020 9:52,116.425829,39.857566,12.1,79049.2,74
LVCB4L4D3HM002839,5/20/2020 9:53,116.425134,39.857408,37.6,79049.3,74
LVCB4L4D3HM002839,5/20/2020 9:53,116.423141,39.857243,41.6,79049.5,74
LVCB4L4D3HM002839,5/20/2020 9:53,116.422047,39.857165,26.8,79049.6,74
LVCB4L4D3HM002839,5/20/2020 9:53,116.420941,39.857121,1.5,79049.7,74
LVCB4L4D3HM002839,5/20/2020 9:54,116.420721,39.857108,30,79049.7,74
LVCB4L4D3HM002839,5/20/2020 9:54,116.418776,39.856863,44.8,79050,73
LVCB4L4D3HM002839,5/20/2020 9:54,116.417009,39.85658,32.1,79050,73
LVCB4L4D3HM002839,5/20/2020 9:54,116.416406,39.856465,0,79050.1,73
LVCB4L4D3HM002839,5/20/2020 9:55,116.416401,39.856463,0,79050.1,73
LVCB4L4D3HM002839,5/20/2020 9:55,116.416401,39.856463,0,79050.1,73
LVCB4L4D3HM002839,5/20/2020 9:55,116.416401,39.856463,0,79050.1,73
LVCB4L4D3HM002839,5/20/2020 9:55,116.416401,39.856463,0,79050.1,73
LVCB4L4D3HM002839,5/20/2020 9:56,116.416401,39.856463,0,79050.1,73
LVCB4L4D3HM002839,5/20/2020 9:56,116.416401,39.856463,0,79050.1,73
LVCB4L4D3HM002839,5/20/2020 9:56,116.416401,39.856463,0,79050.1,73
LVCB4L4D3HM002839,5/20/2020 9:56,116.416401,39.856463,0,79050.1,73
LVCB4L4D3HM002839,5/20/2020 9:57,116.416401,39.856463,0.6,79050.1,73
LVCB4L4D3HM002839,5/20/2020 9:58,116.416006,39.856395,14.5,79050.1,73
LVCB4L4D3HM002839,5/20/2020 9:59,116.40859,39.855978,0,79050.8,73
LVCB4L4D3HM002839,5/20/2020 9:59,116.40859,39.855978,0,79050.8,73
LVCB4L4D3HM002839,5/20/2020 9:59,116.40859,39.855978,0,79050.8,73
LVCB4L4D3HM002839,5/20/2020 10:00,116.40859,39.855978,0,79050.8,73
LVCB4L4D3HM002839,5/20/2020 10:00,116.408138,39.855951,5,79050.8,73
LVCB4L4D3HM002839,5/20/2020 10:00,116.406856,39.855888,41.9,79051,72
LVCB4L4D3HM002839,5/20/2020 10:01,116.404641,39.85579,50.6,79051.1,72
LVCB4L4D3HM002839,5/20/2020 10:01,116.402928,39.855753,37.4,79051.3,72
LVCB4L4D3HM002839,5/20/2020 10:01,116.400985,39.855743,53.2,79051.5,72
LVCB4L4D3HM002839,5/20/2020 10:01,116.398826,39.855771,0.1,79051.7,72
LVCB4L4D3HM002839,5/20/2020 10:02,116.397856,39.855743,41.4,79051.8,71
LVCB4L4D3HM002839,5/20/2020 10:02,116.395733,39.855755,52.6,79052,71
LVCB4L4D3HM002839,5/20/2020 10:02,116.392891,39.855778,64.9,79052.2,71
LVCB4L4D3HM002839,5/20/2020 10:03,116.388751,39.855813,31.1,79052.6,71
LVCB4L4D3HM002839,5/20/2020 10:03,116.387148,39.855851,44.6,79052.7,70
LVCB4L4D3HM002839,5/20/2020 10:03,116.386109,39.85585,35.3,79052.8,70
LVCB4L4D3HM002839,5/20/2020 10:04,116.383999,39.855851,56.7,79053,70
LVCB4L4D3HM002839,5/20/2020 10:04,116.381727,39.855866,31.2,79053.2,70
LVCB4L4D3HM002839,5/20/2020 10:04,116.381134,39.855871,8.5,79053.3,70
LVCB4L4D3HM002839,5/20/2020 10:05,116.380914,39.855873,0,79053.3,70
LVCB4L4D3HM002839,5/20/2020 10:05,116.380809,39.855875,16.5,79053.3,70
LVCB4L4D3HM002839,5/20/2020 10:05,116.380562,39.855638,0,79053.3,70
LVCB4L4D3HM002839,5/20/2020 10:06,116.380547,39.855633,0,79053.3,70
LVCB4L4D3HM002839,5/20/2020 10:06,116.380547,39.855633,0.8,79053.3,70
LVCB4L4D3HM002839,5/20/2020 10:06,116.380549,39.854578,51.9,79053.5,70
LVCB4L4D3HM002839,5/20/2020 10:06,116.380601,39.852728,51.9,79053.7,70
LVCB4L4D3HM002839,5/20/2020 10:07,116.380702,39.849419,0,79054.1,70
LVCB4L4D3HM002839,5/20/2020 10:07,116.380489,39.847859,7.5,79054.2,69
LVCB4L4D3HM002839,5/20/2020 10:07,116.379056,39.848136,41,79054.5,69
LVCB4L4D3HM002839,5/20/2020 10:08,116.377142,39.848559,39.3,79054.6,69
LVCB4L4D3HM002839,5/20/2020 10:10,116.370429,39.849268,25,79055.2,68
LVCB4L4D3HM002839,5/20/2020 10:10,116.369249,39.849273,29.3,79055.3,68
LVCB4L4D3HM002839,5/20/2020 10:10,116.368106,39.849293,26.9,79055.5,68
LVCB4L4D3HM002839,5/20/2020 10:11,116.367577,39.849321,0,79055.5,68
LVCB4L4D3HM002839,5/20/2020 10:11,116.367572,39.849323,0,79055.5,68
LVCB4L4D3HM002839,5/20/2020 10:12,116.366301,39.849343,0,79055.5,68
LVCB4L4D3HM002839,5/20/2020 10:12,116.366083,39.849296,5,79055.6,68
LVCB4L4D3HM002839,5/20/2020 10:12,116.366038,39.849294,0,79055.6,68
LVCB4L4D3HM002839,5/20/2020 10:13,116.366038,39.849294,0,79055.6,68
LVCB4L4D3HM002839,5/20/2020 10:13,116.366038,39.849294,0,79055.6,68
LVCB4L4D3HM002839,5/20/2020 10:14,116.36563,39.849309,27.1,79055.6,68
LVCB4L4D3HM002839,5/20/2020 10:14,116.365003,39.848989,34.9,79055.7,68
LVCB4L4D3HM002839,5/20/2020 10:14,116.3649,39.846131,0,79056,68
LVCB4L4D3HM002839,5/20/2020 10:15,116.364886,39.845876,35.7,79056,67
LVCB4L4D3HM002839,5/20/2020 10:15,116.364786,39.844706,14.8,79056.2,67
LVCB4L4D3HM002839,5/20/2020 10:15,116.363886,39.844561,44.2,79056.3,67
LVCB4L4D3HM002839,5/20/2020 10:15,116.362433,39.844588,4.7,79056.5,67
LVCB4L4D3HM002839,5/20/2020 10:16,116.3622,39.844566,24,79056.5,67
LVCB4L4D3HM002839,5/20/2020 10:18,116.358765,39.841049,9.5,79057.1,66
LVCB4L4D3HM002839,5/20/2020 10:18,116.359151,39.839828,12.8,79057.3,66
LVCB4L4D3HM002839,5/20/2020 10:19,116.359331,39.840104,1.2,79057.3,66
LVCB4L4D3HM002839,5/20/2020 10:19,116.359328,39.840129,6.6,79057.3,66
LVCB4L4D3HM002839,5/20/2020 10:19,116.359205,39.840199,2.5,79057.3,66
LVCB4L4D3HM002839,5/20/2020 10:19,116.359255,39.840154,0,79057.5,66
LVCB4L4D3HM002839,5/20/2020 10:20,116.359255,39.840154,0,79057.5,66
LVCB4L4D3HM002839,5/20/2020 10:20,116.359255,39.840154,0,79057.5,66
LVCB4L4D3HM002839,5/20/2020 10:22,116.359255,39.840154,NA,NA,66
LVCB4L4D3HM002839,5/20/2020 10:22,116.359255,39.840154,NA,NA,67
